event,radiator,recoiler_before,recoiler_after,daughter_b,daughter_c,radiator_pid,daughter_b_pid,daughter_c_pid,recoiler_pid,scale,Q,Q2,z,z_lab,residual
17,25,26,56,54,55,21,-1,1,21,2.584378719329834,5.431637947315199,29.502690790714468,0.3474721571259422,0.1361508822716675,6.899543373344906e-06
17,40,39,135,133,134,21,-3,3,-1,1.1311012506484985,2.297794869610946,5.279861262810385,0.4210733016824111,0.41305774777875587,3.641253554654423e-06
17,151,72,168,166,167,21,1,-1,2,0.8938636183738708,1.87068147437629,3.4994491785746504,0.6378142028601588,0.6643086081678901,3.815162898494067e-06
17,87,86,147,145,146,21,-1,1,-2,1.0295872688293457,2.3473519825407094,5.510061329937798,0.2696493477651149,0.1327843539632073,8.678567277527473e-07
17,172,173,183,181,182,21,-3,3,21,0.7763538360595703,1.6903571389307537,2.8573072571341633,0.6593380061802796,0.7417776893961201,1.3539777580936437e-07
22,16,17,20,18,19,21,-2,2,21,2.366917133331299,4.786220501658487,22.90790669049602,0.5750844999959993,0.5486425699257194,3.259322373408636e-05
52,15,14,21,19,20,21,1,-1,21,0.6459383964538574,1.6113580424761558,2.596474741052589,0.7726233221634082,0.8524306157169282,5.671502145018756e-07
53,17,22,27,25,26,21,3,-3,21,0.5630537867546082,1.1314760535745505,1.280238059812639,0.5227591619939846,0.44651641196276415,3.770464935564993e-07
102,15,14,21,19,20,21,1,-1,21,0.6398137807846069,1.433387554409414,2.0545998811358004,0.29925835293873687,0.14738005971509213,8.529987477415127e-06
120,15,16,23,21,22,21,2,-2,21,0.7278291583061218,1.6291568402775127,2.654152010223009,0.7052776231373818,0.7070969682204827,1.3783574104309082e-07
174,8,9,12,10,11,21,3,-3,2,0.7405751347541809,1.4977830458501764,2.2433540524362314,0.44467940050966975,0.4439902587736679,6.74606771076054e-07
183,27,26,38,36,37,21,3,-3,2,0.9398344159126282,1.9510705439580431,3.806676267500734,0.6125139822887148,0.09388159805937553,2.2243429566298768e-05
199,12,7,18,16,17,21,2,-2,2,0.5697333216667175,1.107896346169652,1.2274343138560653,0.3569807729125293,0.4675278564587321,0.00017263351529568554
303,8,7,12,10,11,21,2,-2,1,1.8286628723144531,3.961086528491116,15.690206486193802,0.6893436481919689,0.30392000969312943,1.5838868943285822e-05
313,13,12,23,21,22,21,1,-1,21,1.3016070127487183,2.668096304613653,7.118737890693032,0.3938111406134895,0.14231452686340737,4.470348358154297e-08
319,23,24,41,39,40,21,-3,3,21,0.7717562317848206,1.5524281249465945,2.4100330831251995,0.4590666332496163,0.24305939398127618,1.5085723936980542e-06
328,17,14,22,20,21,21,-1,1,21,0.540460467338562,1.1515627585470876,1.326096786872578,0.6412979825397689,0.5117186312068934,2.2512592270580125e-07
346,17,18,21,19,20,21,-1,1,-2,0.5317394733428955,1.3342798100190183,1.7803026114243874,0.762432196478103,0.7986928799179268,6.05288029062447e-08
379,12,7,18,16,17,21,1,-1,2,0.5089222192764282,1.1271356046956555,1.2704346713726409,0.3079262147730169,0.5299513679012308,7.450580596923828e-08
397,8,9,12,10,11,21,-2,2,-2,0.5241814255714417,1.0619549218045008,1.1277482559448035,0.5624705616848381,0.6049232705201211,2.463202961506924e-07
429,10,7,15,13,14,21,3,-3,2,0.7953353524208069,1.703349102334019,2.9013981644221083,0.6447714649789807,0.5497709956903727,2.521408600551208e-07
432,15,14,18,16,17,21,2,-2,21,0.5033876895904541,1.007183256371454,1.0144181119150062,0.5107398501841642,0.5639515325826515,6.423074621633383e-07
445,16,17,24,22,23,21,3,-3,21,0.5508174300193787,1.1202628414422726,1.2549888339163147,0.4590749803384735,0.3421031738417678,4.868029422736059e-07
460,19,15,24,22,23,21,-2,2,21,0.5857203006744385,1.395360895356623,1.9470320282904368,0.26063728459025626,0.2387852457942712,1.819894867035392e-06
479,14,13,21,19,20,21,-4,4,21,1.4320166110992432,3.0612612003151876,9.371320136555184,0.46485335652132503,0.4539014882215367,5.364418029785156e-07
479,44,45,58,56,57,21,1,-1,21,0.6106659770011902,1.2598782550685288,1.587293217594521,0.3954531462846139,0.0796407681835732,1.8940454451570154e-07
489,8,9,12,10,11,21,-2,2,-2,1.3543654680252075,7.59754363925535,57.722669350389424,0.9653764836053137,0.9563893348946177,5.933282383574387e-06
500,17,16,27,25,26,21,-2,2,21,0.6111236810684204,1.2261782074693044,1.5035129964726366,0.4658083986111879,0.7835259134954352,2.6992498256747284e-06
515,12,13,16,14,15,21,2,-2,2,0.6546188592910767,1.9334176602772883,3.738103849072104,0.1542225986254554,0.6261245233071524,3.84912310870948e-05
549,12,13,19,17,18,21,2,-2,2,1.5299317836761475,3.1064098478335747,9.649782142717413,0.41573684405619343,0.27173754987898746,3.1369999610187096e-05
550,27,26,40,38,39,21,-2,2,21,0.8048449158668518,1.826382436871267,3.335672805711827,0.2797355678796608,0.5021866537962562,3.4472927429488312e-06
561,36,35,52,50,51,21,-1,1,21,1.170064926147461,2.394088280603136,5.731658695321279,0.39853416873605074,0.11407790858877515,8.037826407711193e-07
597,11,12,15,13,14,21,-3,3,21,0.6515687704086304,1.365249208232922,1.8639054005806202,0.6015068168158125,0.7548486281362354,1.2894456179609261e-06
611,8,7,12,10,11,21,1,-1,2,0.8931781649589539,1.8392215382527741,3.382735866772901,0.3889098835564037,0.7607760251940269,6.590711330232818e-07
620,12,11,15,13,14,21,3,-3,21,0.8259773254394531,1.6804551218357933,2.823929416504151,0.5736929020172026,0.5364471682852563,7.955043205642187e-08
633,14,24,27,25,26,21,-1,1,21,0.5451266765594482,1.1027890793329425,1.2161437534959987,0.4324747323651044,0.5987700054085363,1.5259050994725946e-05
638,16,15,19,17,18,21,3,-3,21,1.183241605758667,2.3986437701499277,5.753491936079058,0.4258387858038279,0.9004278563101851,1.585085763363014e-05
668,14,15,18,16,17,21,-1,1,-3,0.5937162637710571,1.6930483069695168,2.866412569732347,0.8281635767852168,0.9148433869466275,1.1641176821828168e-05
735,15,24,27,25,26,21,2,-2,21,0.8400542736053467,2.0648267797449593,4.2635096303519395,0.22459162529555218,0.1714234322072334,4.982427804857638e-07
735,32,33,42,40,41,21,2,-2,2,0.5077301859855652,1.17555161593912,1.3819216017370763,0.7084483629080994,0.2876929032109465,2.8579477865382747e-05
738,8,9,16,14,15,21,2,-2,1,0.5869170427322388,1.4591868456546688,2.129226250531622,0.764895607936504,0.2761583170554784,4.239331358541199e-07
763,11,12,18,16,17,21,-1,1,-2,0.630782425403595,1.2926106630948369,1.6708423263464738,0.40634891447442006,0.3270683612218598,2.198729326128847e-06
775,20,19,30,28,29,21,-2,2,21,0.7747378349304199,1.6351770012704807,2.6738038254839216,0.646155464379587,0.6187444448824491,1.361770684006381e-07
784,8,7,12,10,11,21,-1,1,-2,0.9515777230262756,2.1202800118225253,4.4955873285341275,0.7094589802545772,0.7735600564081364,2.0445023080724841e-07
785,11,12,15,13,14,21,1,-1,21,0.783893883228302,2.8579854653463395,8.168080920130933,0.09326942401226321,0.924810194284371,1.4691336465991886e-05
787,26,30,41,39,40,21,3,-3,21,0.5064452290534973,1.850757934247755,3.4253049311810173,0.8496757508045215,0.8498233649647272,3.33104732926108e-05
790,38,37,74,72,73,21,-1,1,21,0.6864089369773865,1.4556430275471675,2.118896623646684,0.3518174344677107,0.3117885313485216,3.8167412621060435e-07
799,8,9,12,10,11,21,2,-2,3,0.6435530781745911,2.1118775151259004,4.460026638894348,0.8765530548911764,0.9266093359932136,1.8940454451570154e-07
806,8,9,12,10,11,21,-3,3,-2,1.1428554058074951,3.1590105374842925,9.9793475759368,0.827382259564533,0.8318842420255694,2.572166605868724e-06
806,17,18,21,19,20,21,-1,1,21,1.001247525215149,2.4947138862112834,6.223597374055403,0.21243017362933278,0.48018540076827554,2.1696418193818683e-07
815,8,9,12,10,11,21,2,-2,2,0.9685274362564087,2.686644376670617,7.218058006695848,0.1641468080049848,0.9126297013159762,3.795456585077295e-06
817,10,7,15,13,14,21,-2,2,-1,0.6042928695678711,1.3391357600292326,1.7932845837890703,0.6873633403581811,0.7116478716212469,8.940696716308594e-08
829,14,15,24,22,23,21,2,-2,1,0.6116337776184082,1.2416022786172056,1.541576218267437,0.5726271586927163,0.09431462428361484,1.551008499002247e-05
833,44,43,59,57,58,21,3,-3,21,1.8565834760665894,3.7323337566846146,13.930315271287487,0.5487567479478608,0.5263842556190429,4.94271763879716e-07
833,84,83,148,146,147,21,-2,2,21,0.5507962703704834,1.1671073968564987,1.3621396757971524,0.6362997880136884,0.8169174030057983,2.6985916526451813e-06
833,99,98,112,110,111,21,-2,2,-1,0.7886956334114075,1.656128156407212,2.7427604704447504,0.36029558836668535,0.6322575544186657,4.21902900604098e-06
846,8,9,12,10,11,21,-2,2,-1,1.111336588859558,2.2557610180058036,5.08845777035458,0.5813060580926456,0.5821838824354993,1.1464330167540759e-05
849,32,28,44,42,43,21,-3,3,21,0.7377037405967712,1.7547948738364607,3.07930504924272,0.27757008147367146,0.2413220470892891,5.945544643181564e-07
874,16,13,21,19,20,21,3,-3,21,0.5734835863113403,1.176206954384317,1.3834627995420306,0.4420806361990586,0.5760072742474822,5.3948625277534976e-06
881,16,15,21,19,20,21,-3,3,21,0.6621856093406677,1.3256278186388537,1.7572891135492057,0.514292902245344,0.35275538145196467,6.457902815156161e-07
896,8,7,12,10,11,21,3,-3,1,0.5845788717269897,1.3359064539815124,1.7846460537894586,0.6603990941152926,0.2605545571180355,2.387164889621778e-06
900,14,15,21,19,20,21,-3,3,-1,0.7150283455848694,1.4386025467609647,2.0695772875471334,0.5391221080115876,0.48849973802256974,1.2435249054720116e-07
924,11,12,18,16,17,21,-2,2,-1,0.7535779476165771,2.157862627899592,4.6563711208857335,0.15931808202098585,0.4214531067990165,8.805565060790871e-07
968,21,20,24,22,23,21,1,-1,21,0.5090231895446777,1.3776047168526417,1.8977947558946475,0.20432147724351177,0.17328697447970162,3.3756685715825615e-07
972,8,7,12,10,11,21,3,-3,2,0.6177615523338318,1.2348501872845363,1.5248549850366544,0.47956692184183014,0.500945668480988,7.367423732879408e-05
1025,8,9,12,10,11,21,-1,1,-2,0.6545625329017639,1.3877423355500156,1.9258287898778121,0.35406960542564986,0.6893503903157567,2.4727426399867e-06
1031,22,23,32,30,31,21,1,-1,3,1.1940370798110962,2.40158933286776,5.767631323744213,0.5509314529904332,0.8083250055934543,1.2377834115800373e-07
1039,11,12,19,17,18,21,-1,1,21,0.6260446310043335,1.3667260125582532,1.8679399934033825,0.675523355779511,0.6929136153396546,1.0668193381876127e-06
1054,9,10,13,11,12,21,3,-3,21,0.7667831182479858,1.7215164566684826,2.963618910580408,0.6849986475237995,0.6597738652609734,9.956655134825518e-06
1057,39,40,47,45,46,21,-2,2,21,0.6001560688018799,1.2170834373930512,1.481292093576485,0.4304784096830334,0.6841301469815482,1.9074395801143763e-06
1060,23,24,27,25,26,21,-2,2,21,0.5772429704666138,2.097453009133978,4.399309125525178,0.8962594119228164,0.9021240495407556,5.990420353243254e-06
1060,23,26,38,25,26,21,-2,2,2,0.5772429704666138,2.097453009133978,4.399309125525178,0.6491021429183363,0.9021240495407556,0.013560026516699044
1060,23,27,32,25,26,21,-2,2,21,0.5772429704666138,2.097453009133978,4.399309125525178,0.89624152361406,0.9021240495407556,0.018563710505300993
1062,13,10,18,16,17,21,-2,2,-1,0.5647618174552917,1.4348492162291921,2.058792273313527,0.22621185687106135,0.2768498811541155,1.3534651789504997e-07
1065,12,13,16,14,15,21,-3,3,-2,0.7961412668228149,1.6400724791596704,2.6898377368969477,0.4050272902239607,0.36245828478373915,3.5886748369909214e-07
1076,17,18,37,35,36,21,-1,1,21,0.5005010366439819,1.1743971304759435,1.3792086200701306,0.2842342013049639,0.09482235812254716,6.39746500063397e-06
1084,8,9,12,10,11,21,1,-1,2,1.0205092430114746,3.429131260463477,11.758941201487833,0.10572335462457308,0.4753456940418324,8.720854780105012e-05
1091,17,18,21,19,20,21,1,-1,1,0.5990786552429199,1.2450626676426122,1.5501810463573378,0.38472388547544883,0.8579975886565462,7.539917622541504e-06
1107,8,7,12,10,11,21,-3,3,-1,0.6419974565505981,1.450635172296324,2.104342403103186,0.6685562390001216,0.4778388461310351,6.773091046354438e-08
1120,17,18,21,19,20,21,-3,3,21,0.5764742493629456,1.3347718687763555,1.7816159416767245,0.3331299848976693,0.3731439829167973,7.196659231807739e-07
1138,17,18,32,30,31,21,-3,3,-2,0.9522367715835571,2.0519220572068275,4.210384128851899,0.6625141481228018,0.19337427224929357,6.752330933943563e-06
1138,40,41,70,68,69,21,-2,2,-2,0.6137401461601257,1.2980677983565843,1.68498000913031,0.6400438973550379,0.4498714840669451,9.541398640621973e-08
1147,8,7,12,10,11,21,2,-2,1,0.6273237466812134,1.3881119828612245,1.9268548769629206,0.311790694814247,0.7296985757530602,2.901300473796922e-06
1157,23,24,27,25,26,21,-2,2,21,1.074609398841858,3.1571285959600077,9.967460971428409,0.858153383095676,0.8584193702960411,3.933567877842695e-06
1157,38,45,48,46,47,21,-1,1,21,0.5689225792884827,1.293849393166039,1.6740462521961277,0.2952780555356257,0.283684591523889,4.3406051832235965e-07
1204,17,15,26,24,25,21,-2,2,21,0.5387598276138306,1.4033356094745635,1.9693508328193445,0.7826940575120082,0.5201657057223259,1.3490573973565431e-06
1227,15,14,22,20,21,21,-2,2,21,0.5020760297775269,1.0098664182227202,1.0198301826539862,0.45979773922151534,0.3108192716067793,1.4648730114871086e-07
1233,11,12,15,13,14,21,-1,1,-2,0.719458818435669,1.6737590774395927,2.801469449311437,0.7347110981262708,0.7239090853577979,2.3576448469723644e-05
1233,10,13,21,19,20,21,-3,3,-1,0.6535598635673523,1.354101447892109,1.8335907311835058,0.5880300830440977,0.7702479919027091,2.4131141216608354e-07
1291,9,10,23,21,22,21,-1,1,21,1.4685678482055664,3.0207398346682743,9.124869148751714,0.6139926893234422,0.14875303859508893,9.830261141392865e-06
1291,47,34,50,48,49,21,1,-1,21,0.5049196481704712,1.1260229918009685,1.2679277780644043,0.6792285492674943,0.88366880963543,4.534922819345751e-06
1291,25,36,41,39,40,21,-2,2,21,0.6481881141662598,1.471193736221364,2.164411009496977,0.28872607768204334,0.24672431971935235,1.608790671951263e-07
1297,16,15,19,17,18,21,-1,1,21,0.504661500453949,1.0226559342872725,1.0458251599329742,0.43822316230763864,0.55364849723841,1.9110848157416107e-06
1323,8,9,12,10,11,21,-3,3,-2,0.5202429890632629,1.545262688698878,2.3878367770848854,0.21849771455759096,0.15476677663015942,1.0271429967832103e-05
1324,8,7,12,10,11,21,-1,1,-1,0.6306145787239075,1.2844089032820247,1.6497062308301338,0.5811456970428723,0.26556542430219754,1.966275835419498e-06
1326,10,9,21,19,20,21,3,-3,1,1.157249927520752,2.3268189691604477,5.41408651524489,0.4537032180624668,0.582323421758642,6.877047331765538e-06
1330,23,22,31,29,30,21,-1,1,21,0.5584497451782227,1.3520253899196675,1.8279726549874287,0.25408659952100826,0.49037806924448546,8.940696716308594e-08
1343,40,41,48,46,47,21,-2,2,21,0.655977189540863,1.3369194335047938,1.7873535716827789,0.5836400947776931,0.5381700871607689,1.7943374184954607e-07
1344,11,12,15,13,14,21,-3,3,-2,0.5138318538665771,1.0793123370202165,1.1649151208440411,0.44250036402169374,0.4513800969671559,6.563280685408485e-07
1348,12,11,27,25,26,21,-2,2,-2,1.0108141899108887,2.0443201998846803,4.179245079656539,0.42961672499784154,0.31327974642850526,7.630122092320257e-06
1387,29,28,38,36,37,21,3,-3,21,0.5612356662750244,1.156577209800974,1.337670842231006,0.5605569773170561,0.5468554354987181,4.430316268765378e-07
1388,27,28,39,37,38,21,-3,3,21,1.7692054510116577,3.619232331882829,13.09884267214602,0.3990201678709241,0.3121216376766093,9.629425061585611e-07
1411,8,9,12,10,11,21,2,-2,2,0.5637313723564148,1.2613243594152745,1.5909391396543526,0.30897569153692106,0.38651524036082646,1.161197546154426e-05
1419,32,51,56,54,55,21,-1,1,21,0.6381018757820129,1.516582702983312,2.3000230949881693,0.2567923849319338,0.4380842880481264,9.657056180250437e-08
1422,8,9,12,10,11,21,-4,4,-1,1.1514655351638794,3.4442598036674537,11.862925595159368,0.3173499470364692,0.5871252089486563,2.216275632171716e-05
1444,61,60,116,114,115,21,1,-1,21,0.5033965706825256,1.1190412912522383,1.2522534115274766,0.3237471389497112,0.44704853913986464,2.1371740767796913e-06
1447,39,38,45,43,44,21,-1,1,21,0.5065019726753235,1.5300062132077532,2.3409190124543287,0.16194478934825193,0.09127756375807786,2.712308116148024e-07
1460,16,15,20,18,19,21,2,-2,21,1.1701735258102417,2.430737666619702,5.908485603923793,0.6300037365335784,0.13547914983694742,1.9283190776491854e-06
1489,8,9,12,10,11,21,1,-1,2,1.0287673473358154,4.16423929213567,17.34088888216658,0.9292090696166114,0.8024163688447439,1.7143592584608504e-05
1492,12,13,16,14,15,21,1,-1,2,0.5745630860328674,1.3841265015367825,1.9158061722564526,0.25502701706156494,0.7538776471858805,8.092212063670043e-06
1510,8,9,12,10,11,21,1,-1,1,1.409910798072815,5.633908059747268,31.740920025685227,0.9298851610648029,0.26800317322507894,8.456750318805397e-06
1516,20,29,34,32,33,21,-3,3,21,0.585176408290863,1.232454273153091,1.5189435354133138,0.4084058257589056,0.5090031445582528,4.791598078850963e-07
1526,8,7,12,10,11,21,3,-3,2,1.0401062965393066,2.3763545644435617,5.647061015951749,0.28077245237553516,0.9395451905536085,5.175720188747386e-06
1534,31,32,51,49,50,21,3,-3,2,0.6184460520744324,1.4367749665179066,2.0643223044125314,0.31732924088601405,0.6130354666780989,1.0426820689281007e-06
1534,41,42,54,52,53,21,1,-1,2,0.5939577221870422,1.5411122443794414,2.375026949776239,0.21216042648498915,0.601775632992606,1.844677091112725e-07
1534,40,52,57,55,56,21,2,-2,1,0.5762750506401062,1.2519183938031573,1.5672996647426771,0.665888801770203,0.6841445202005757,1.445801434690135e-07
1560,23,24,33,31,32,21,-2,2,21,0.8208341002464294,2.0323860495107136,4.1305930542457645,0.7787930612186191,0.20623102749128078,1.0106151642270983e-05
1560,33,32,42,40,41,21,2,-2,2,0.5412153005599976,1.1037282364072496,1.2182160198426573,0.5748570277594272,0.5627238036471712,1.4526326121814894e-05
1613,8,9,12,10,11,21,1,-1,2,0.7811669111251831,1.8786086192852205,3.529170344452723,0.2399263295093574,0.5665092402705664,1.0662585867414622e-05
1617,18,19,25,23,24,21,3,-3,2,0.5399838089942932,1.1550040250200495,1.334034297812515,0.588709498035552,0.7040750775376756,0.00017462404509062276
1643,8,9,12,10,11,21,3,-3,2,0.707080066204071,1.4200874640937613,2.01664840567625,0.4675989582164341,0.46373990377520297,6.785450361618308e-07
1648,126,83,157,155,156,21,-1,1,21,0.7028949856758118,1.4551521047078333,2.117467647835637,0.6150803828195888,0.6174251866684658,2.764757769596498e-07
1648,143,142,205,203,204,21,-3,3,-2,0.5051248073577881,1.1684511707776013,1.365278138491547,0.3700512142894892,0.6464536586062328,1.7520521869535345e-06
1662,26,27,30,28,29,21,2,-2,21,0.6901322603225708,1.5449685159221604,2.3869277151907227,0.2968932116338792,0.7267816402903914,5.378973481186026e-06
1690,9,10,20,18,19,21,-3,3,21,0.6857678294181824,1.665003651279285,2.7722371587733505,0.27369212278840643,0.16662081094911158,5.188549663766434e-05
1694,11,13,24,22,23,21,-2,2,21,0.5591239929199219,1.1788145231845344,1.3896036800707812,0.6310857440276555,0.6389081413427193,1.8980710510696465e-07
1732,17,18,27,25,26,21,2,-2,21,0.5214949250221252,1.0925035172937339,1.1935639352991796,0.3814070199583795,0.4075035036136646,2.590617336439149e-07
1743,8,9,12,10,11,21,-4,4,-2,0.7674937844276428,4.653455979019849,21.654652548675585,0.13917573410817707,0.1349360196040879,6.106513310989749e-06
1749,11,12,15,13,14,21,-1,1,21,0.5033847093582153,1.2914509609959919,1.6678455846574707,0.7691758609956824,0.787595787682228,1.0414835068587394e-06
1757,14,11,19,17,18,21,-3,3,-2,0.6846316456794739,1.7357241630584486,3.0127383702249517,0.7511576875575373,0.8188229235121932,4.6648013122375395e-07
1801,10,9,16,14,15,21,3,-3,21,0.8833068609237671,1.8905853293734216,3.5743128876420087,0.6509495518799855,0.642175363190561,9.948381290264516e-06
1808,8,7,12,10,11,21,1,-1,2,0.6404861807823181,1.3329359442926874,1.776718231587438,0.6104701186353202,0.17957302698201066,3.4119715019220545e-05
1811,20,27,33,31,32,21,-3,3,21,0.5008076429367065,1.0297520842767944,1.0603893550724024,0.4728745182612045,0.4533739419139954,9.584309167921312e-06
1841,11,12,15,13,14,21,-1,1,21,0.6121852993965149,1.227366431474589,1.506428357110667,0.529435856384921,0.5063025817389313,5.992045778895348e-07
1852,8,7,12,10,11,21,1,-1,2,0.6108805537223816,1.391292335986947,1.9356943641760154,0.7100911668186554,0.2796498489445255,8.530089160632195e-06
1860,10,9,13,11,12,21,-1,1,-1,3.6497559547424316,7.716882803544616,59.550280203642615,0.33837771397434363,0.33728176957383504,3.826321088243493e-06
1871,8,9,12,10,11,21,-1,1,-1,1.3581812381744385,3.422097433141549,11.710750841913978,0.7983466265334678,0.8218498167278643,1.7585063871447402e-05
1877,19,18,26,24,25,21,-3,3,21,1.3721823692321777,2.9157460872779506,8.501575245476678,0.3413496667852775,0.30394877803935866,1.7131177904207912e-05
1890,98,97,102,100,101,21,1,-1,21,0.5981894731521606,1.2461216818219312,1.5528192459067185,0.6186311662621352,0.8250065557513582,2.8038842331891826e-07
1891,10,9,13,11,12,21,1,-1,21,4.934664249420166,13.08887669005651,171.3186930075047,0.8280056016116959,0.23429120703806006,2.532652246669418e-06
1891,13,12,63,61,62,21,-1,1,-1,1.2259390354156494,2.4597938635131316,6.050585850976859,0.46169582895899897,0.4718785511545124,4.267043192170963e-06
1891,92,98,106,104,105,21,2,-2,21,0.5757344365119934,1.5509439555727575,2.405427153327672,0.8031184198296915,0.9368275738161557,3.063187764659318e-07
1894,8,9,12,10,11,21,1,-1,1,0.6616067290306091,1.3450570683354257,1.80917851707909,0.4216534217426205,0.5382661801660075,3.814748651729551e-06
1922,27,28,31,29,30,21,2,-2,21,0.5528200268745422,1.7632728051821713,3.1091309854950033,0.1388195896823488,0.7052126984757231,1.2903063387149135e-06
1923,8,9,12,10,11,21,1,-1,3,0.7171424627304077,1.9970049554225098,3.9880287919820603,0.17164047607191238,0.17198437242200054,2.431585328420676e-06
1948,17,31,40,38,39,21,1,-1,21,0.7530869841575623,1.6851677701538197,2.839790413565197,0.2936670262449243,0.4685513602534784,9.541398640621973e-07
1949,70,69,76,74,75,21,1,-1,21,0.7012368440628052,1.4854842277820408,2.206663390989206,0.6476508409212388,0.8474078472965314,9.613631127919458e-07
1950,31,30,40,38,39,21,-3,3,21,0.9216786026954651,2.101689978115837,4.417100764112547,0.2967580628115407,0.2682268089605753,4.349444497008882e-05
1962,49,35,84,82,83,21,3,-3,21,0.6740821003913879,1.3515692657592457,1.8267394801449868,0.4761384397157067,0.3300693306040189,1.4650210307883995e-07
1968,47,34,52,50,51,21,2,-2,21,0.5873941779136658,1.1771200233889638,1.3856115494632348,0.47395401023681494,0.5462993829456554,2.84710657660447e-07
1989,9,10,37,35,36,21,1,-1,2,2.338533401489258,5.098944940359772,25.99923950482052,0.697467138018084,0.3207459004737236,7.275674114068569e-07
1989,18,17,47,45,46,21,-4,4,21,2.006817579269409,4.487120686624546,20.134252056333935,0.6662659988938191,0.6697159935415251,3.218788788628723e-06
1989,57,56,89,87,88,21,2,-2,2,0.6859939694404602,1.462987532700139,2.14033252083604,0.6549168584810452,0.7014767644943037,1.9082797281243946e-07
1990,8,9,12,10,11,21,3,-3,1,0.6189419031143188,1.4489195459186648,2.09936785054515,0.6880445905255702,0.6888247758077776,7.920075813483186e-08
1992,28,27,34,32,33,21,3,-3,21,0.5904006361961365,1.559130484482884,2.4308878676438326,0.7504919453428928,0.7639841501931108,2.679102807695449e-06
2004,24,25,28,26,27,21,3,-3,21,0.6893491148948669,1.5341246310542274,2.3535383836072694,0.6663042584366872,0.4480987536907688,1.3333208984265686e-07
2008,8,9,12,10,11,21,-2,2,-1,1.7150954008102417,3.655206893114714,13.360537431473318,0.33011706462525947,0.15250147743369635,2.8436241625001826e-06
2016,13,7,18,16,17,21,-3,3,-1,0.8830311298370361,1.9756414524379105,3.9031591485909765,0.6932848034885687,0.8312171260859919,4.120595448403944e-06
2024,87,90,98,96,97,21,1,-1,21,0.5630249977111816,1.1588916154823392,1.3430297764352659,0.597149331066291,0.5531954875745051,8.462232866585662e-08
2043,27,26,34,32,33,21,-3,3,21,0.5017512440681458,1.0151121250083441,1.0304526263389562,0.513255127108605,0.49306816484082966,1.5915221906135908e-05
2062,8,9,12,10,11,21,-3,3,-1,0.7468098998069763,1.549062396292939,2.3995943076088224,0.6012060503471773,0.69061633999516,1.966501675405934e-06
2110,8,7,12,10,11,21,2,-2,2,0.593965470790863,1.1894333753386486,1.4147517543694903,0.5209461832014226,0.337513695515749,3.0159394402574156e-06
2122,20,18,34,32,33,21,1,-1,21,0.5814114212989807,1.2079967822549553,1.4592562259383257,0.6134504741361387,0.6826133679366323,3.332000937312528e-08
2126,8,9,12,10,11,21,2,-2,1,0.905683159828186,2.5071776714172334,6.28593987605314,0.8335068295215128,0.49281720331702317,1.0321159978509859e-05
2131,22,23,27,25,26,21,1,-1,21,0.697411060333252,1.3987439313407275,1.9564845854625137,0.4670114228013723,0.4851594245228998,1.5030980856591475e-07
2146,44,43,50,48,49,21,-3,3,21,0.5372537970542908,1.1548492189164055,1.3336767184318319,0.5916514954100229,0.5195248925517975,2.388837865275353e-07
2148,8,9,12,10,11,21,1,-1,1,0.5485741496086121,1.1019032754595195,1.2141908284684177,0.5396233764003311,0.4716741193487637,6.473756619936773e-05
2151,15,14,55,53,54,21,-2,2,-1,0.8554332852363586,2.6747432400538047,7.154251400213525,0.8724508365488667,0.7099852588644139,8.09224979261457e-06
2166,10,7,15,13,14,21,-3,3,-3,0.6933393478393555,1.3918555424570873,1.937261851068513,0.5299686846802938,0.7418520930787685,5.344201278814464e-07
2173,14,13,60,58,59,21,3,-3,1,0.5623711347579956,2.137465969910923,4.568760772527241,0.8757782575205144,0.6867977774161065,1.435489270198674e-06
2234,18,15,21,19,20,21,3,-3,21,0.6152240037918091,1.2876681356365713,1.6580892275337635,0.5928574506581927,0.586287313731711,5.406044772349769e-07
2258,12,11,16,14,15,21,-2,2,-2,0.8363379240036011,1.6742774763403505,2.8032050677806133,0.47990133477244046,0.7711342803066391,3.885747435809761e-07
2270,42,43,72,70,71,21,-1,1,21,0.6271865963935852,1.2729777224699446,1.6204722819047674,0.42702886991936756,0.19270248888190614,1.3500155988819748e-06
2295,18,17,21,19,20,21,-1,1,21,0.5090309977531433,1.0189370407526608,1.0382326930177896,0.5157838605556458,0.5625878256907615,3.5886748369909214e-07
2303,46,41,90,88,89,21,2,-2,21,0.529999315738678,1.3588890242372451,1.846579380192452,0.7734464004872824,0.7115807090077165,2.6982213597631173e-06
2317,13,14,24,22,23,21,-2,2,-2,1.7141451835632324,3.6503559270910615,13.325098394448844,0.6689014326344688,0.5424319471783516,1.7322720058085867e-06
2329,12,11,15,13,14,21,3,-3,21,0.5421817302703857,1.1061077834577415,1.223474428625798,0.5421631319149787,0.35858154078373344,1.528591249149956e-07
2332,9,10,17,15,16,21,2,-2,21,0.9052295684814453,2.4382627408241837,5.94512519329146,0.17742979929624927,0.4720641235314123,8.21711154766436e-05
2333,8,9,12,10,11,21,-1,1,-3,0.5746302604675293,1.222949295644706,1.495604979717882,0.6439088241294403,0.6319641320330365,4.78536703521001e-07
2334,25,24,51,49,50,21,1,-1,21,0.7980587482452393,2.2177335908652527,4.918342280052087,0.16858958470208044,0.13222104649213906,2.443972150513042e-07
2334,28,33,69,67,68,21,-1,1,21,0.6617517471313477,1.584733089750115,2.5113789657489463,0.7500208155366626,0.3423921674760025,2.4357018014400322e-06
2344,17,18,25,23,24,21,2,-2,21,0.6748701930046082,1.3504583133172265,1.8237376560076086,0.5141920369458454,0.5345178411007245,9.310543150790517e-07
2351,15,16,22,20,21,21,-1,1,21,0.8543856143951416,1.7486646646404687,3.0578281093621626,0.5987570880207305,0.9075415415297577,3.815170173556729e-06
2369,13,12,38,36,37,21,-2,2,21,1.8806583881378174,4.141446561821539,17.151579624423448,0.7065796729112083,0.5724956951079141,7.688768146799611e-06
2369,69,51,83,81,82,21,2,-2,21,0.6495570540428162,1.5295222339933583,2.3394382642800338,0.737916726869091,0.827610019412146,2.7012747579980844e-06
2375,15,14,19,17,18,21,-3,3,21,0.7442216873168945,1.492637795761985,2.2279675893371973,0.4721991078416567,0.4469260992529969,4.96456958322456e-07
2428,10,9,15,13,14,21,-2,2,-1,0.5837725400924683,1.7800924906731892,3.168729275351078,0.14947271280578367,0.21478852292474956,1.0963308461623263e-06
2446,15,17,28,26,27,21,2,-2,21,0.8465068340301514,1.752179347785673,3.0701324668066263,0.6193437425215296,0.8826160473795526,2.902056136638558e-06
2449,20,19,24,22,23,21,1,-1,21,0.6024601459503174,1.243166253377055,1.5454623335355444,0.6042922711952694,0.52547616581897,8.688795409866125e-08
2453,17,18,21,19,20,21,2,-2,21,2.149052381515503,7.567028974473955,57.25992750052836,0.09005534960993922,0.9384785158609429,2.1887589273290773e-05
2453,28,27,71,69,70,21,-1,1,-1,0.540940523147583,1.273792741906327,1.6225479493332386,0.7255871811772239,0.4269824547193471,8.530182708121366e-06
2453,55,56,65,63,64,21,-3,3,21,0.5707371830940247,1.1531314352346433,1.3297121069263085,0.5360568488122823,0.5155615470615826,2.6982213597631173e-06
2460,11,12,15,13,14,21,-2,2,-1,0.5462536811828613,1.1097435562645215,1.231530760670627,0.5705694264745044,0.5214930657966207,8.095545251705024e-08
2471,46,47,65,63,64,21,-1,1,21,1.1352789402008057,2.6367079786989827,6.952228964934875,0.7460876574697926,0.7561869603355215,1.9697170816782476e-06
2471,69,64,105,103,104,21,1,-1,1,0.6465656757354736,1.381525456322971,1.9086125864683936,0.3454039530130215,0.5423372291828709,3.4014572899530744e-07
2475,28,29,45,43,44,21,-3,3,21,0.5873926281929016,1.4176226875287372,2.0096540841961996,0.3016484803507913,0.2687658646341383,6.020235098307061e-07
2487,12,13,46,44,45,21,3,-3,3,0.9162619113922119,1.8354626027569994,3.3689229661194986,0.47593653129501207,0.5324550895938384,1.5787913895483134e-05
2507,84,59,116,114,115,21,1,-1,21,0.74565190076828,1.5168733416671396,2.3009047346604348,0.5814610897931464,0.21138653537826804,5.395267666809342e-06
2511,17,18,21,19,20,21,3,-3,21,1.1214591264724731,2.2597706646934275,5.106563457008974,0.4453397459055297,0.790078651426004,1.0533677117526303e-05
2544,8,7,19,17,18,21,-2,2,-1,0.6949529051780701,1.671187957277233,2.792869188548451,0.7550553329064066,0.7734646063320585,6.664001874625056e-08
2592,15,16,19,17,18,21,1,-1,2,0.607993483543396,1.3696682999571752,1.8759912519075783,0.29836121712897884,0.6120884241783413,5.714903155979841e-05
2594,21,22,30,28,29,21,-3,3,21,1.8550175428390503,3.8007890293304616,14.445997245478793,0.39540551657270945,0.2687919750057496,1.5209041035961976e-06
2594,48,49,73,71,72,21,-3,3,-3,0.6440678238868713,1.3657169517652554,1.865182792338981,0.3868593137286737,0.32636837564913074,2.7028258364226004e-07
2603,28,20,40,38,39,21,2,-2,21,0.6522655487060547,1.4024713809929106,1.9669259745041616,0.6619721262359567,0.1841478555021308,3.453888591080683e-07
2616,29,30,33,31,32,21,-3,3,21,0.8911807537078857,1.8081959050613101,3.2695724310804906,0.5701669232592178,0.45657182348242276,7.475869652396996e-07
2631,15,10,18,16,17,21,1,-1,21,0.6706011295318604,1.39199696630004,1.937655554188515,0.3821631240010222,0.37233006155424303,1.1348386266624791e-07
2633,8,9,12,10,11,21,3,-3,2,0.6605308055877686,1.3213807070796229,1.7460469730422439,0.492816054353702,0.42578287106287777,7.4832468373212256e-06
2637,8,7,12,10,11,21,-3,3,-1,0.8413392901420593,1.845850761946099,3.4071650353769947,0.3272376032682999,0.3303404290712648,1.068688089054772e-06
2676,38,37,47,45,46,21,-3,3,21,0.5219781994819641,1.3493580566635273,1.8207671650827706,0.28730312047158857,0.26124925683323236,2.666641796853137e-07
2686,10,7,15,13,14,21,2,-2,1,0.5536402463912964,1.2023808327693808,1.4457196670111898,0.3371123865217259,0.28182138141625973,2.1325066309784603e-06
2691,37,38,56,54,55,21,-1,1,-2,0.5396659970283508,1.1680798157592505,1.3644104559841645,0.3422722921521952,0.48605814597730124,5.707966576321729e-07
2696,12,7,15,13,14,21,-2,2,-2,0.5724104642868042,1.2621494803680335,1.5930213107932971,0.6794453642979619,0.46181974390418784,5.339525004377638e-07
2709,15,16,19,17,18,21,-3,3,-1,1.5131394863128662,5.361790612950579,28.748798577124944,0.09449530320885867,0.09516801752116551,1.3093763329784016e-05
2756,13,7,18,16,17,21,2,-2,2,0.9838414192199707,2.5583864359778685,6.5453411557955405,0.8087288751556665,0.3206899676092705,1.3487125289675917e-05
2763,12,11,15,13,14,21,1,-1,21,0.8309808373451233,2.144947706855475,4.600800665144561,0.19924361077486372,0.746333918311399,2.8620026104514146e-06
2785,12,13,26,24,25,21,-1,1,-3,0.5024276971817017,2.2614932014153024,5.114351500047633,0.9284239647246176,0.9448019673607113,3.0644718936948305e-06
2805,8,7,16,14,15,21,1,-1,1,0.53000408411026,1.1188730120093524,1.2518768170028807,0.6292414646847057,0.5916322116553903,9.841537312244396e-07
2823,12,13,16,14,15,21,3,-3,3,0.5136604309082031,1.0751091065439382,1.155859590973705,0.5553211926553544,0.5520299997548423,1.0457907581386677e-05
2834,12,13,16,14,15,21,-3,3,-1,1.3309413194656372,2.7631595390563963,7.635050638278358,0.3749675647147189,0.3852077275613746,8.139908482878007e-07
2836,13,11,18,16,17,21,1,-1,21,0.6569370627403259,1.3146527789681433,1.7283119292486617,0.4850970822147667,0.5848302999528187,5.337965335875144e-07
2845,29,28,78,76,77,21,2,-2,2,0.6492024660110474,1.8679662199166018,3.4892977987495186,0.8362761530446524,0.317907277441177,9.172294149252203e-06
2850,12,13,19,17,18,21,-2,2,-2,0.5674374103546143,1.2278510591202947,1.5076182233828295,0.3390567691596848,0.3153418586560413,2.1606683731079102e-07
2868,10,9,13,11,12,21,-3,3,21,0.7977761030197144,1.5976436412712527,2.5524652044944673,0.5198911147182284,0.20744433355163755,9.539071186351312e-07
2875,18,19,23,21,22,21,3,-3,21,0.9287318587303162,1.8666063183958763,3.4842191478754074,0.5417341871100678,0.29688665392003694,1.6933688038314814e-07
2914,46,47,69,67,68,21,2,-2,21,0.524280309677124,1.0486544272336946,1.099676107756828,0.49480972587557126,0.7674953770831123,4.231180494042637e-08
2928,11,12,15,13,14,21,-2,2,-1,0.667637050151825,1.487452886025394,2.2125160881452737,0.3025629880926533,0.409767026830943,5.226039265617782e-07
2932,74,73,93,91,92,21,2,-2,21,0.5978281497955322,1.382380300579518,1.910975295430319,0.7204973343615114,0.7462775539352758,1.2102091612963052e-06
3018,17,16,24,22,23,21,-1,1,-1,1.5092469453811646,3.127001773538439,9.778140091712544,0.6276258902964268,0.6395514827162679,6.664001874625056e-08
3045,8,7,12,10,11,21,3,-3,1,1.004732370376587,2.834923870977491,8.036793354238,0.16997962009181591,0.8109022861706406,2.3353232657315964e-05
3050,21,20,24,22,23,21,1,-1,21,0.5593664646148682,1.2898535234548911,1.6637221119689976,0.7138172075922555,0.5112048376617154,1.538640728559471e-06
3052,12,11,16,14,15,21,-2,2,21,1.6130106449127197,3.30745756361322,10.939275535102297,0.39193977077161024,0.3183121593669197,1.1484349196971286e-05
3052,25,26,35,33,34,21,3,-3,21,0.6523423790931702,1.312262287362725,1.7220323108344509,0.5347430109614253,0.3505632785248763,3.00089031713979e-06
3053,40,41,56,54,55,21,1,-1,21,0.5154970288276672,1.0489044925973363,1.1002006345908757,0.42849233920293295,0.438246024136493,2.2443328231392187e-07
3082,24,20,27,25,26,21,-3,3,21,0.7716415524482727,1.5770069005783778,2.486950764471821,0.5795275912475687,0.647308154020695,1.253935149290177e-07
3134,12,13,16,14,15,21,2,-2,1,0.6206852793693542,1.2718866441812606,1.617695635646669,0.40686104364155146,0.15809808388723506,1.7194222553736848e-06
3153,8,9,12,10,11,21,-2,2,-2,0.6746933460235596,1.444623666058194,2.086937536535416,0.6588182900914171,0.4133047945756715,4.865828105908459e-06
3178,10,9,13,11,12,21,-1,1,21,1.2699191570281982,2.9666691278707487,8.801125714261389,0.24809045721775547,0.24487495119009317,5.372690074837192e-07
3179,8,7,19,17,18,21,1,-1,1,0.5668569803237915,1.1429942238497426,1.3064357957538757,0.5519132641865941,0.43177711021955245,1.284009809763289e-07
3179,12,13,16,14,15,21,1,-1,21,0.899343729019165,1.8689226546768154,3.4928718891642347,0.6263794521401398,0.0557248241414708,2.791841245111574e-05
3204,30,29,68,66,67,21,2,-2,21,1.5607964992523193,4.880109428193565,23.815468031143723,0.11920060022482774,0.4615418910880579,1.5278050916668527e-06
3204,57,58,104,102,103,21,-1,1,21,0.7430298328399658,1.4869674885753639,2.211072312080125,0.515650477855547,0.5936717130541982,1.228781230931777e-07
3204,88,87,125,123,124,21,1,-1,21,0.5953480005264282,1.2132071332733836,1.4718715482254217,0.41955601896042455,0.45855976673860804,3.557603474352754e-07
3212,8,7,12,10,11,21,-1,1,-1,0.6681529879570007,1.391472789587482,1.9361965241623693,0.37750603219391393,0.4589483115932526,8.529935415138803e-06
3226,19,18,37,35,36,21,1,-1,21,0.5812577605247498,1.535349400356202,2.3572977811741493,0.20510603943917394,0.18537699956761758,2.500280419012217e-06
3289,8,9,12,10,11,21,-1,1,-2,0.6714187860488892,1.342939793880101,1.8034872899867282,0.5053758002520949,0.48173330126760494,5.812159672572622e-06
3297,15,10,18,16,17,21,3,-3,21,0.6153517365455627,1.2755295921516359,1.6269757404545186,0.5815624364675792,0.5000723090302748,5.911316481703565e-07
3299,8,9,12,10,11,21,-2,2,-1,0.9904938340187073,3.8433181707936765,14.77109456195285,0.9221014831299288,0.9227447130730566,6.397573649311289e-06
3311,180,92,186,184,185,21,3,-3,21,0.5085890889167786,1.1440093579128874,1.308757410992257,0.38870945189799194,0.4836393751936768,3.814813679170524e-06
3311,162,161,177,175,176,21,2,-2,21,0.5474416613578796,1.0950941163732006,1.199231123715201,0.4921638366740466,0.3752546006613489,1.7265424469495516e-07
3322,24,28,33,31,32,21,3,-3,21,0.6339439749717712,1.4614755603577396,2.135910813522969,0.31864996961836034,0.26032617508421424,2.3844186102917054e-06
3369,13,22,25,23,24,21,-2,2,21,0.7436672449111938,1.5850120542382626,2.5122632120805974,0.3428968808657157,0.2296689381621276,1.5907294923165463e-06
3378,54,55,61,59,60,21,1,-1,21,0.6198407411575317,1.4513210529752985,2.106332798809329,0.7315537636105909,0.4050251910372992,1.2665987014770508e-07
3381,8,9,12,10,11,21,-1,1,-4,0.8683531880378723,1.8917670127549038,3.578782430547612,0.6857943381771135,0.719767931240382,1.9082797281243946e-07
3387,8,7,12,10,11,21,-2,2,-1,2.4635300636291504,5.146661136433831,26.488120853278375,0.643303066393786,0.6381939302143765,2.9823269783892386e-07
3394,25,28,31,29,30,21,-3,3,21,0.7811942100524902,1.7112276620015834,2.9283001111994054,0.33448103272975216,0.29883905822095824,4.470348358154297e-08
3396,52,51,58,56,57,21,-3,3,21,1.3967115879058838,2.817377540415653,7.937616205238555,0.5608190798038082,0.5608023327710272,5.960464477539063e-08
3396,47,56,70,68,69,21,-3,3,-3,1.1140382289886475,2.2307431955452364,4.976215204471373,0.48281668199243716,0.547632984083607,7.867192204135045e-06
3396,66,65,118,116,117,21,1,-1,21,0.6081880331039429,1.4063234631690413,1.9777456830597657,0.27861644666536955,0.8789740377158796,7.629892918068123e-06
3396,103,83,109,107,108,21,3,-3,21,0.6430454850196838,1.2880964994460133,1.6591925918850734,0.4823984680415621,0.38532674996433564,9.313225746154785e-08
3414,14,15,19,17,18,21,-2,2,21,0.6291478872299194,1.6323599420075727,2.6645989802709664,0.20872437958700196,0.16108804880005212,2.3025337972069633e-06
3426,45,44,78,76,77,21,-3,3,-1,0.7815781831741333,1.5782374000537907,2.490833290928549,0.44665270811794,0.7098151842568841,1.8980710510696465e-07
3433,22,23,30,28,29,21,-1,1,21,0.6457654237747192,1.321197223835925,1.7455621042717553,0.4087247437049951,0.38379569591339535,6.748844314788054e-07
3450,23,16,26,24,25,21,-1,1,21,1.453479528427124,3.3492405970962107,11.217412577237383,0.25653753780853567,0.2569489552384133,9.55999787589636e-07
3456,72,71,151,149,150,21,3,-3,4,0.565632164478302,1.1661496372681062,1.3599049765005358,0.5624448495630917,0.4559408262945189,2.846862848779976e-07
3472,8,7,12,10,11,21,2,-2,2,0.5460659265518188,1.0925586783432768,1.1936844656232077,0.5111363315583157,0.5353977366922635,8.461215833367826e-08
3546,43,44,58,56,57,21,-3,3,21,1.2927607297897339,2.5933671157633533,6.725552997122733,0.535858601839748,0.5118660378591462,2.6656007498500226e-07
3546,54,55,64,62,63,21,2,-2,21,1.2786498069763184,2.870423154975155,8.239329088617524,0.7210204788188607,0.7758708114520494,5.436861777352802e-06
3568,8,9,12,10,11,21,2,-2,1,0.5301808714866638,1.1616575311672332,1.3494482197175515,0.6680432095890939,0.6916475749789998,2.5130642690561752e-06
3572,21,18,24,22,23,21,-1,1,21,0.5137453079223633,1.1182948050196468,1.2505832709339302,0.6593126203976913,0.6714681828290253,3.1092251228740835e-06
3582,23,24,30,28,29,21,3,-3,1,0.5028418898582458,1.0730964288376685,1.1515359455841576,0.43670798910829917,0.6220760582073581,2.198363215256593e-06
3642,10,9,19,17,18,21,1,-1,2,1.6470187902450562,3.2977048028502103,10.874856966741344,0.4769030152868383,0.3639700134408127,9.044403377469491e-07
3647,24,18,29,27,28,21,1,-1,21,1.5912553071975708,3.284821809121448,10.790054317679903,0.6212933393135341,0.3169713180518809,2.0384113156971317e-06
3707,11,12,15,13,14,21,-1,1,-1,0.8073214292526245,2.0221399728241507,4.089050069693258,0.7845423584308889,0.7919971883082338,5.790879592842771e-07
3771,16,17,24,22,23,21,2,-2,21,0.5862334966659546,1.3741242773446312,1.8882175295879051,0.728702129284917,0.5200707583453534,1.3496506193420214e-06
3786,12,11,15,13,14,21,3,-3,21,0.9862582683563232,2.0647328379263588,4.263121692011435,0.6292722905895594,0.5856556971814975,4.842304232499576e-07
3796,23,24,28,26,27,21,-2,2,21,0.8412070870399475,1.7119124307674833,2.930644170616233,0.41471832610658393,0.18938744226969118,1.686548813477061e-06
3821,17,20,25,23,24,21,2,-2,21,0.8057525753974915,1.6479790805025754,2.715835049774114,0.40414759230382474,0.34511039507394786,1.1935820814669602e-06
3842,12,11,15,13,14,21,1,-1,21,0.6516080498695374,1.3775678683672443,1.8976932319578736,0.357822611191884,0.09333056963345969,3.37180138718825e-06
3859,8,7,12,10,11,21,-1,1,-1,1.4551421403884888,4.891283821398191,23.924657421471693,0.10181761519365347,0.9452027936360693,5.922269633809173e-06
3859,14,15,18,16,17,21,-2,2,-1,1.2089834213256836,4.003599659470436,16.028810233311788,0.106934828289814,0.8371354834142766,2.1115870798732954e-05
3863,88,87,92,90,91,21,-2,2,21,0.7033587694168091,1.7196732801377557,2.9572761904197478,0.234427256122694,0.841136332561591,9.489688341160212e-07
3981,15,14,24,22,23,21,1,-1,21,0.5844656229019165,1.2950957328758006,1.6772729573131073,0.3277225009070511,0.9262177216520363,6.748888445854934e-05
3991,63,62,154,152,153,21,1,-1,21,0.7542281746864319,2.0359937649360793,4.14527061085859,0.18232288745672937,0.5672878417746197,4.271106656754442e-07
3991,89,88,136,134,135,21,-1,1,21,0.8233779668807983,1.9100574656511982,3.648319522089878,0.7377742362861499,0.5664739453769061,8.33000234328132e-08
4008,15,14,18,16,17,21,-1,1,21,0.5101451277732849,1.198540364547669,1.4364990054500595,0.7189723092641,0.7241932247135218,4.75393979956815e-06
4010,12,9,15,13,14,21,2,-2,1,0.8778938055038452,1.7560660092563325,3.0837678288654615,0.5082639281544766,0.5628354517186227,5.791388824679376e-07
4013,10,13,21,19,20,21,-3,3,21,0.6222487688064575,2.0918327218688106,4.375764136281077,0.14701159057265745,0.0626317366092507,1.6248203532883312e-06
4065,14,13,70,68,69,21,-3,3,21,0.9443233013153076,2.2087382551980634,4.878524679975385,0.7311562924306482,0.5480328810000389,6.929154178908615e-07
4079,14,11,19,17,18,21,-3,3,-1,0.523708164691925,1.0507341235658612,1.1040421984257183,0.48781212585175115,0.4928047309676016,1.48311475197929e-07
4084,37,36,40,38,39,21,1,-1,21,0.529654860496521,1.4908082713967445,2.2225093020649496,0.1845371341520564,0.8424749980421581,1.0144971657935451e-06
4141,8,9,12,10,11,21,2,-2,1,0.8503817915916443,1.7008892282208168,2.8930241666776055,0.49403788681587324,0.4891402703789781,1.3175736155733865e-06
4168,12,13,20,18,19,21,1,-1,3,1.4784917831420898,3.6438399054897217,13.277569256839342,0.21275228610041613,0.19956120199749275,1.3886347264282814e-05
4169,8,9,12,10,11,21,2,-2,1,1.095141053199768,2.196058865779023,4.822674541966649,0.5345340195646896,0.24336653414368326,1.955915769723575e-06
4213,8,9,12,10,11,21,-2,2,-2,0.8901100754737854,1.781716054243667,3.1745120979496217,0.4809714223606824,0.4604607886374858,2.6676824375939604e-07
4227,9,10,17,15,16,21,-2,2,21,0.9176211357116699,2.2847397225292005,5.220035599702808,0.7851165163554964,0.20643097178990522,2.910538795893234e-06
4232,8,9,12,10,11,21,-3,3,-1,0.7297481298446655,1.7420376878049075,3.0346953057326687,0.27647694991986776,0.18188021021176512,6.08763045543894e-07
4246,10,9,34,32,33,21,1,-1,21,0.712451696395874,1.487717516557174,2.2133034090710453,0.3711541419131791,0.28180432687650203,1.5081859742259972e-06
4255,37,36,41,39,40,21,3,-3,21,0.5199649333953857,1.1620201229822174,1.3502907662156076,0.3863684725517713,0.4524126707327037,3.0158739043912504e-06
4281,8,9,12,10,11,21,3,-3,2,0.5902900695800781,1.4815558117028407,2.195007623190463,0.722894727469407,0.7226800080933209,8.852363997472098e-05
4287,13,16,21,19,20,21,-2,2,21,0.592146635055542,2.358643172250874,5.563197614005665,0.08487116341963279,0.1369897560951351,8.100600710470173e-07
4319,9,10,17,15,16,21,-3,3,-3,0.731058657169342,2.658480906050658,7.067520727835927,0.8869224130347764,0.8930338801779988,3.4388445107473697e-06
4325,8,9,12,10,11,21,-1,1,-3,0.536125123500824,2.018374132554108,4.073834138963548,0.09967712960972255,0.06854898927364532,1.5091426416068316e-06
4335,8,9,12,10,11,21,3,-3,2,0.768674910068512,2.49535493868121,6.226796270000705,0.13914671313993915,0.954068082257163,0.00018505490697290358
4338,12,11,15,13,14,21,1,-1,21,0.5956385731697083,1.3314618127948188,1.7727905589308648,0.30610629684242036,0.8233669582060343,2.5164227116256355e-05
4340,10,7,21,19,20,21,-3,3,-2,0.6442879438400269,1.5845961047440693,2.5109448151700775,0.7257355172659089,0.460456592532408,4.768380676969594e-07
4349,10,9,13,11,12,21,-2,2,21,0.6096674203872681,1.2410861188868063,1.540294754493516,0.42008164863593106,0.3236287976382162,1.0789634377742117e-05
4349,13,12,16,14,15,21,3,-3,2,0.5168845653533936,1.1694744775628518,1.367670553670905,0.3787206324668382,0.4577984430015895,1.0789720714567532e-05
4351,8,9,12,10,11,21,-2,2,-1,0.6184334754943848,1.2398755349673873,1.5372913422106649,0.473143995682802,0.5232429984473644,8.530052554813687e-06
4373,18,19,22,20,21,21,-2,2,-1,0.6946208477020264,1.3913315113896312,1.9358033745857552,0.5241153093393673,0.4723135793159866,1.4642807846541365e-07
4375,12,13,25,23,24,21,-1,1,21,0.5937063097953796,1.1912859979117842,1.4191623288206756,0.53246978257752,0.7791677493425333,3.814704541575675e-06
4390,10,9,15,13,14,21,3,-3,1,0.5735140442848206,1.3873871244367677,1.9248430330529231,0.6949786279971203,0.3099261760015606,0.00015790225320549433
4391,8,9,12,10,11,21,-3,3,-1,1.0417636632919312,2.1210078099830327,4.498674130009022,0.5856045903594544,0.5641629956475835,1.7402948711893764e-05
4414,16,12,21,19,20,21,1,-1,2,0.5327094793319702,1.0826383770089063,1.1721058553724788,0.5703789611383561,0.14127441312650144,2.8495855899052293e-05
4490,8,9,12,10,11,21,3,-3,2,0.7713698744773865,1.709092556896423,2.920997368038753,0.32550565522654884,0.35036615574545865,9.274054643967285e-06
4496,29,44,67,65,66,21,-1,1,21,0.5758194923400879,1.1809781234046208,1.3947093279602996,0.40731718279937884,0.3005858055636827,9.725619313390252e-06
4509,13,14,18,16,17,21,2,-2,21,0.72529137134552,1.5085585236050159,2.275748819141345,0.37655334747748165,0.36666540923542884,1.769414855098414e-07
4523,10,11,15,13,14,21,1,-1,21,0.9027405977249146,1.880141355885772,3.534931518111989,0.6305263539216183,0.13955807821402952,8.092661369674273e-06
4534,15,14,19,17,18,21,3,-3,1,0.547261118888855,1.095010969397047,1.1990490230998603,0.5061014817114488,0.6198641864684785,4.3039599400866564e-07
4558,15,16,21,19,20,21,2,-2,21,0.5077203512191772,1.4661603798055858,2.1496262593116597,0.8220584252513642,0.9248330602077779,6.057263602567999e-07
4561,13,12,18,16,17,21,-3,3,21,0.8266297578811646,2.1743346454755135,4.727731150515126,0.21162858814577476,0.2049850025578794,4.775932583372994e-07
4587,16,17,21,19,20,21,-1,1,21,0.5777074694633484,1.1555212147158833,1.3352292776584704,0.5054929675561983,0.39356985438759406,3.783141890836114e-07
4609,8,9,12,10,11,21,-1,1,-1,0.8612196445465088,1.858437866990355,3.4537913054636604,0.3244870668130412,0.3236151439613825,1.47574167289018e-06
4637,17,16,22,20,21,21,3,-3,1,0.8533472418785095,2.121190218629986,4.4994479436115284,0.23815135192548342,0.604238260991536,0.0001130144460827303
4642,12,11,15,13,14,21,-3,3,21,0.639949381351471,1.6014862351938721,2.5647581615154422,0.2652489235750564,0.25658053498371336,4.770699320310986e-07
4709,25,24,66,64,65,21,-1,1,21,1.0179890394210815,2.1636185724501606,4.681245327051272,0.3388701202311527,0.4422083349425372,9.600052138031076e-07
4723,15,14,18,16,17,21,1,-1,21,0.6464744806289673,1.648897839378017,2.7188640847054923,0.7843573268027254,0.4835105271494608,2.2864644453125184e-06
4724,8,9,12,10,11,21,-1,1,-1,0.6154031157493591,1.2360402250647253,1.5277954379780567,0.5438562927028191,0.7366828836131563,1.3754248029640426e-05
4752,25,10,30,28,29,21,1,-1,21,1.1714266538619995,2.4131024104986922,5.823063243554599,0.615199326583968,0.45279498602778023,1.7666676195531154e-06
4764,10,9,13,11,12,21,1,-1,21,0.9018179774284363,2.2270393656146337,4.95970433599723,0.2196807568696507,0.2196876029164897,5.394878926829907e-06
4769,20,21,27,25,26,21,-1,1,21,0.5030201077461243,1.2177136423231076,1.4828265146998092,0.2632915059564914,0.09926592677417692,4.773607396972581e-07
4798,13,14,18,16,17,21,1,-1,21,0.7575340270996094,1.5542465707516455,2.4156824026932497,0.39900022172284094,0.3908214867593449,4.1897510424969773e-07
4799,8,7,12,10,11,21,-2,2,-3,1.139919638633728,3.583134924802614,12.838855889340232,0.12086672412921265,0.6433766142071258,4.015420582352172e-06
4801,19,17,24,22,23,21,3,-3,21,0.5451105833053589,1.0942532652517043,1.1973902085140167,0.5174119392676525,0.4214299316762279,1.146618190614459e-06
4802,23,22,32,30,31,21,-3,3,21,0.7268945574760437,1.4670214791819736,2.1521520203812656,0.4509591516704564,0.44650722978307433,1.219075281007385e-06
4826,15,16,19,17,18,21,2,-2,2,0.5808070302009583,1.4229420554398637,2.0247640931394244,0.7558432030382127,0.240877461383668,1.2063177960500009e-05
4829,51,52,82,80,81,21,-3,3,21,0.6921426653862,1.6030986014469486,2.569925125961163,0.30289880104814376,0.1828007916041979,1.3487814679001122e-06
4829,99,100,109,107,108,21,1,-1,3,0.5125673413276672,1.0577673418147528,1.1188717494098483,0.4036978944081471,0.19466769974522835,9.965969686034897e-07
4832,10,9,21,19,20,21,-3,3,21,0.8756299018859863,1.913564296529179,3.661728316951212,0.328190912323171,0.24280787442738141,2.861682560005578e-06
4834,9,10,17,15,16,21,3,-3,21,2.9337198734283447,7.147055106279339,51.080396692193574,0.2173148633173447,0.30127052020853096,1.7155275296035317e-06
4848,8,9,12,10,11,21,2,-2,1,0.7451980710029602,1.5717532666332081,2.4704083311721607,0.3558968045533105,0.4490812389370289,4.5475709819033005e-06
4867,8,7,12,10,11,21,-2,2,-1,0.5019971132278442,1.0544111159433267,1.1117828014248516,0.6115568509866486,0.6564494739388922,3.281531065644528e-05
4872,16,11,21,19,20,21,3,-3,21,0.5544112324714661,1.1677079135723443,1.3635417714194773,0.41950929291101324,0.7255964339344576,1.0789626660450343e-05
4894,11,12,16,14,15,21,2,-2,21,0.6193856596946716,1.3193251585780372,1.7406188740569633,0.6517121984540213,0.8082167477417271,1.0789696115877595e-05
4899,21,18,24,22,23,21,-1,1,-1,0.5022934079170227,1.0348767110863009,1.0709698071487992,0.5924485044803205,0.26622891962829665,3.911809473035864e-05
4966,10,9,13,11,12,21,1,-1,2,1.150455117225647,2.3968406369115005,5.744845038750327,0.634624706131139,0.7124954667357389,1.6726511955740786e-07
4996,18,17,22,20,21,21,3,-3,2,0.7942231893539429,1.6868409665310302,2.84543244636734,0.36654486100883243,0.6669181028215307,3.075518810332987e-05
4997,24,22,29,27,28,21,-2,2,21,0.9753521084785461,2.0106805623865043,4.042836323958909,0.6145597338090402,0.6367944795709927,4.275386990908952e-06
